,type_avion,age_avion,nombre_passagers,consommation_carburant
0,A319,,,0.7626754436853984
1,E190,2011.0,106.0,0.5271023840992279
