,type_avion,emission_co2,emission_h2o,emission_sox,emission_nox,emission_co,emission_hc
0,A319,2521.755697748324,984.9982560274497,0.6726817358236243,11.48144265925111,4.014834228101997,0.1891587539131095
