,type_avion,consommation_carburant
0,A319,0.7626754436853984
1,E190,0.5271023840992279
